id,first_name,gender,car_make,car_year,latitude,longitude
1,Ricard,Male,Buick,1988,32.686,-95.002
2,Peirce,Male,Acura,2002,35.246,-95.129
3,Evyn,Male,Chrysler,1995,31.389,-99.427
4,Yulma,Male,Maserati,2004,30.987,-95.856
5,Wayne,Male,Chevrolet,1967,33.033,-96.626
6,Jemmie,Female,Mercedes-Benz,2002,35.556,-97.406
7,Eleanor,Female,Nissan,1994,29.599,-102.204
8,Terrence,Male,Acura,2002,31.135,-102.568
9,Lucho,Male,Chevrolet,1979,31.039,-103.545
10,Alleen,Female,Chevrolet,1999,26.158,-102.42
11,Judith,Female,Hyundai,2012,27.579,-103.431
12,Pennie,Female,Pontiac,1998,35.978,-96.152
13,Rem,Male,Infiniti,2004,27.583,-95.058
14,Fredrika,Female,Ford,2004,29.1,-93.694
15,Karolina,Female,Pontiac,2010,35.55,-97.179
16,Bennett,Male,Chevrolet,1994,30.27,-100.629
17,Joy,Female,Mercedes-Benz,2010,30.167,-99.399
18,Livia,Female,BMW,2001,28.239,-98.954
19,Willetta,Female,Toyota,2008,27.668,-100.145
20,Jeanna,Female,Pontiac,2006,31.896,-96.143
21,Gennifer,Female,Toyota,1992,34.687,-103.973
22,Gustavo,Male,Mazda,2011,30.321,-100.779
23,Lemar,Male,Subaru,1998,31.252,-104.605
24,Carlyn,Female,Chevrolet,1994,31.796,-99.663
25,Constantine,Male,BMW,2009,32.792,-102.852
26,Alyss,Female,Lotus,1988,27.382,-96.803
27,Tana,Female,Volvo,2011,30.616,-102.244
28,Rossy,Male,Chevrolet,2010,28.512,-95.645
29,Seward,Male,Saab,2009,34.401,-98.993
30,Mayer,Male,Oldsmobile,1998,29.567,-101.677
31,Stanleigh,Male,Lotus,2004,28.75,-99.609
32,Raleigh,Male,Hyundai,2005,30.838,-99.029
33,Vanni,Female,Nissan,1992,35.265,-99.287
34,Tommy,Female,Mercedes-Benz,2002,31.368,-101.098
35,Conney,Male,Geo,1993,28.326,-105.233
36,Stanly,Male,BMW,2001,30.145,-100.412
37,Ricky,Male,Pontiac,1988,29.191,-97.416
38,Ellynn,Female,BMW,2007,31.656,-95.052
39,Darcy,Female,Pontiac,1987,31.362,-97.434
40,Gunilla,Female,Mitsubishi,1988,29.426,-96.074
41,Cecilius,Male,Toyota,2010,35.06,-102.056
42,Correy,Male,Toyota,2004,35.382,-95.015
43,Karoly,Female,Mitsubishi,1997,33.64,-105.676
44,Dode,Female,Jeep,2003,34.822,-98.978
45,Halli,Female,Mitsubishi,1984,34.476,-105.03
46,Florina,Female,Mercedes-Benz,2005,31.772,-99.326
47,Vite,Male,Subaru,2006,32.238,-99.423
48,Robbi,Female,Chevrolet,1978,32.734,-93.519
49,Juditha,Female,Ford,1984,27.272,-105.37
50,Carmel,Female,Ford,1993,35.369,-99.723
51,Mar,Male,Chevrolet,2007,27.614,-98.945
52,Amie,Female,Kia,2011,26.46,-102.287
53,Felipe,Male,BMW,2011,30.603,-104.02
54,Franchot,Male,Acura,2004,32.755,-101.977
55,Erda,Female,Kia,1998,28.092,-101.992
56,Paolina,Female,Jeep,2012,32.618,-97.855
57,Cami,Female,Tesla,2012,29.183,-99.831
58,Leelah,Female,BMW,2011,35.661,-99.431
59,Glynis,Female,Isuzu,1998,30.98,-105.131
60,Katleen,Female,Geo,1992,26.503,-97.757
61,Allyce,Female,Mercedes-Benz,2009,28.823,-104.606
62,Jolyn,Female,Cadillac,2005,28.434,-97.066
63,Wallis,Female,Hyundai,2001,30.248,-101.995
64,Berkley,Male,Toyota,2008,26.218,-101.236
65,Uriah,Male,Audi,2009,29.174,-94.019
66,Harlie,Female,Pontiac,2006,32.198,-93.45
67,Georgena,Female,Mercedes-Benz,2012,27.541,-100.385
68,Kaycee,Female,Geo,1997,26.794,-105.885
69,Ogdon,Male,Volkswagen,1989,26.79,-98.709
70,Sanderson,Male,Toyota,2011,30.939,-96.169
71,Ambrosio,Male,Ford,1977,35.175,-93.018
72,Munmro,Male,Mercury,2002,26.698,-93.719
73,Sibbie,Female,GMC,2006,34.556,-104.751
74,Leone,Female,Land Rover,2007,31.71,-105.285
75,Ursala,Female,Chevrolet,1992,33.435,-102.526
76,Leshia,Female,Mercedes-Benz,2000,31.902,-97.52
77,Brandtr,Male,Ford,1997,33.894,-100.402
78,Godiva,Female,Mercury,2009,35.477,-93.652
79,Ruddy,Male,Toyota,2005,32.048,-93.426
80,Courtnay,Female,Chevrolet,2009,26.686,-94.811
81,Travis,Male,GMC,2010,34.068,-104.637
82,Rufus,Male,GMC,1998,30.379,-100.01
83,Kellie,Female,Ford,1990,35.871,-103.014
84,Ingelbert,Male,Mazda,2008,26.859,-104.257
85,Josh,Male,Ford,2006,35.883,-94.231
86,Brice,Male,Volkswagen,2009,32.483,-101.664
87,Karlyn,Female,Volkswagen,1988,28.962,-97.966
88,Clementia,Female,GMC,2012,29.454,-95.686
89,Nicol,Male,Mazda,1996,31.703,-98.737
90,Sarette,Female,Hyundai,1996,31.054,-96.049
91,Andrew,Male,Toyota,2002,27.393,-94.285
92,Jacenta,Female,Suzuki,1991,34.393,-99.908
93,Phyllys,Female,Pontiac,1984,35.7,-104.529
94,Darla,Female,Mercedes-Benz,1991,27.745,-105.09
95,Eamon,Male,Toyota,2013,26.956,-102.503
96,Elke,Female,Jeep,1993,26.32,-96.878
97,Frederique,Female,Suzuki,2008,26.981,-101.423
98,Ronna,Female,Subaru,2010,27.035,-100.758
99,Erny,Male,Oldsmobile,1996,26.793,-93.512
100,Annalee,Female,Mercedes-Benz,2012,34.04,-104.696
101,Fidelia,Female,Toyota,2006,33.115,-102.566
102,Carol-jean,Female,Chevrolet,2007,28.756,-98.684
103,Jacenta,Female,Nissan,2009,29.009,-105.165
104,Elnore,Female,Lexus,2002,29.549,-105.539
105,Diane-marie,Female,Honda,1986,26.443,-99.439
106,Kendall,Male,Volvo,2010,28.902,-103.338
107,Dacie,Female,Oldsmobile,1997,35.768,-105.707
108,Horst,Male,Lincoln,1988,26.468,-104.925
109,Verne,Male,Lexus,2011,33.513,-104.646
110,Foster,Male,Bentley,2010,33.856,-99.823
111,Tawsha,Female,Volkswagen,2000,33.659,-94.536
112,Dion,Male,Hummer,2007,26.877,-96.105
113,Granger,Male,Audi,2012,29.076,-93.142
114,Everett,Male,Chevrolet,1981,27.952,-98.484
115,Terri,Female,Jaguar,2009,34.707,-101.592
116,Fred,Female,Volkswagen,1967,29.393,-98.282
117,Angelico,Male,Hyundai,2001,32.48,-97.143
118,Aida,Female,Alfa Romeo,1992,35.781,-96.314
119,Rebeka,Female,Lexus,2004,27.662,-100.399
120,Roderic,Male,Jaguar,2006,27.696,-95.878
121,Reeva,Female,Nissan,2003,27.938,-96.854
122,Brodie,Male,Pontiac,1974,30.622,-100.908
123,Jacintha,Female,Mercedes-Benz,1992,29.475,-101.671
124,Nissie,Female,Holden,1996,34.789,-95.11
125,Drucill,Female,Mercedes-Benz,2006,27.129,-94.826
126,Anselma,Female,Mazda,1999,34.225,-97.89
127,Hamil,Male,Cadillac,2004,35.675,-105.885
128,Avril,Female,Ford,1963,33.208,-102.573
129,Zarah,Female,Audi,2001,27.583,-98.454
130,Sayre,Female,Mazda,2003,28.114,-97.171
131,Krisha,Male,Lexus,2013,31.133,-97.893
132,Robin,Female,Ford,1985,28.643,-101.821
133,Slade,Male,Mitsubishi,2003,30.175,-101.033
134,Eleni,Female,Plymouth,1996,29.323,-104.514
135,Dewey,Male,Ford,2003,32.997,-102.402
136,Bertha,Female,Chevrolet,1994,29.36,-100.872
137,Larissa,Female,Mazda,2009,28.754,-94.005
138,Kimmi,Female,Audi,2008,27.174,-100.653
139,Karl,Male,Volvo,1998,35.138,-94.632
140,Merwyn,Male,Mercedes-Benz,1993,32.306,-94.571
141,Sherye,Female,Pontiac,2000,26.933,-95.219
142,Kristopher,Male,Maybach,2012,33.401,-95.365
143,Oneida,Female,Isuzu,2002,27.851,-98.282
144,Rosalinde,Female,Buick,1993,26.892,-93.179
145,Blythe,Female,Volvo,2002,30.146,-105.273
146,Julie,Female,Mitsubishi,2002,35.336,-105.93
147,Rina,Female,Mitsubishi,2007,28.923,-104.433
148,Preston,Male,Ford,2006,30.299,-104.254
149,Allie,Male,Pontiac,1998,28.574,-96.07
150,Kipp,Male,Chevrolet,2004,34.932,-93.875
151,Holden,Male,Toyota,2001,26.134,-104.282
152,Alla,Female,Porsche,2005,29.89,-98.013
153,Mikkel,Male,Acura,2004,33.858,-93.312
154,Elvyn,Male,Toyota,2011,29.284,-103.716
155,Riki,Female,Subaru,1986,29.885,-95.09
156,Dona,Female,Chevrolet,2003,26.199,-94.567
157,Margaretha,Female,Ford,2003,26.702,-93.441
158,Adlai,Male,Ford,1985,31.659,-99.0
159,Ax,Male,Maserati,1985,28.343,-103.69
160,Ame,Female,Volvo,2000,34.781,-94.359
161,Ennis,Male,Chevrolet,2006,26.073,-95.586
162,Neda,Female,Kia,2006,31.562,-99.206
163,Galvin,Male,Mazda,1995,34.728,-104.674
164,Florinda,Female,Ford,2006,34.473,-93.317
165,Webb,Male,Pontiac,1989,34.821,-102.72
166,Desmond,Male,Honda,2012,27.497,-101.164
167,Ruddy,Male,Plymouth,1995,32.904,-99.236
168,Mikel,Male,Chevrolet,2000,35.853,-100.602
169,Gabriell,Female,Buick,2005,28.818,-100.383
170,Barrie,Male,Dodge,2000,35.454,-103.037
171,Barr,Male,Ford,1909,26.473,-102.009
172,Stevana,Female,Spyker,2006,27.319,-105.532
173,Norbie,Male,Maybach,2005,30.765,-102.904
174,Horten,Male,Mazda,1986,32.026,-100.243
175,Abbie,Female,Oldsmobile,1994,26.103,-95.286
176,Sasha,Female,Saab,1999,28.245,-100.835
177,Trixy,Female,Acura,2003,32.745,-94.13
178,Marita,Female,Volvo,2006,31.853,-97.376
179,Charlton,Male,Pontiac,1966,31.73,-104.073
180,Donetta,Female,BMW,2000,33.606,-98.221
181,Hermann,Male,Lamborghini,1987,28.14,-102.565
182,Ross,Male,Lamborghini,2001,28.858,-102.24
183,Liam,Male,Volkswagen,1989,35.049,-98.694
184,Gene,Female,Ford,2011,27.151,-98.343
185,Odo,Male,Lincoln,1991,26.947,-98.176
186,Gerome,Male,Chevrolet,1992,33.918,-100.716
187,Darsey,Female,Ford,2001,28.981,-96.697
188,Garrard,Male,Dodge,2006,31.069,-98.273
189,Garner,Male,GMC,2003,31.409,-100.044
190,Joella,Female,Buick,1991,26.569,-102.073
191,Donaugh,Male,Subaru,2012,33.688,-102.77
192,Blaine,Male,Lexus,1989,28.887,-102.802
193,Annmarie,Female,BMW,1999,27.891,-100.817
194,Pail,Male,Porsche,2003,34.129,-101.687
195,Manuel,Male,Bentley,2011,33.37,-97.442
196,Richmond,Male,Eagle,1996,34.419,-94.14
197,Bertie,Female,Buick,1990,28.658,-95.126
198,Alexandrina,Female,Mitsubishi,1987,31.359,-95.08
199,Percival,Male,GMC,1995,32.089,-98.792
200,Allyn,Male,Mercedes-Benz,2011,29.286,-93.714
201,Heida,Female,Buick,1997,26.51,-101.925
202,Aridatha,Female,Spyker,2004,31.6,-95.343
203,Carena,Female,Oldsmobile,1996,34.923,-98.63
204,Marjy,Female,Nissan,2004,27.067,-100.068
205,Jameson,Male,Cadillac,2009,29.704,-93.357
206,Oliver,Male,Infiniti,2012,35.979,-98.455
207,Falito,Male,Subaru,2002,35.623,-98.401
208,Tommie,Female,Cadillac,2005,35.309,-100.374
209,Andrej,Male,Audi,2007,29.428,-93.861
210,Cal,Female,Chevrolet,2000,35.554,-94.156
211,Cynthie,Female,Mitsubishi,1997,34.125,-101.846
212,Neddy,Male,Jaguar,2005,30.549,-98.604
213,Evvie,Female,Eagle,1996,30.027,-100.29
214,Gabriello,Male,Mazda,2007,34.144,-104.506
215,Alessandra,Female,Dodge,1992,32.042,-97.78
216,Odelia,Female,Ford,2000,32.164,-97.785
217,Traver,Male,Dodge,2007,28.473,-104.018
218,Rudolf,Male,Hyundai,2012,31.197,-97.763
219,Francis,Male,Subaru,1988,34.523,-99.106
220,Irma,Female,Pontiac,1985,26.363,-104.542
221,Batsheva,Female,Plymouth,1992,35.492,-95.988
222,Cosetta,Female,BMW,2003,27.969,-100.178
223,Mark,Male,Pontiac,1991,33.299,-104.516
224,Hillery,Male,Buick,2007,30.166,-98.164
225,Augustus,Male,Lexus,2012,29.335,-102.905
226,Levy,Male,Plymouth,1999,32.913,-98.598
227,Dell,Male,Mercedes-Benz,2007,28.99,-102.645
228,Silvanus,Male,Porsche,2006,29.051,-95.176
229,Chickie,Male,Nissan,2010,33.46,-104.56
230,Ephraim,Male,Mercedes-Benz,2010,33.578,-102.095
231,Thain,Male,Mercedes-Benz,2006,26.096,-101.494
232,Tome,Male,Chevrolet,1994,33.525,-99.342
233,Ase,Male,Mitsubishi,2007,32.219,-105.462
234,Donnie,Female,Volkswagen,2004,26.021,-97.013
235,Harrison,Male,Nissan,2010,35.315,-94.692
236,Salim,Male,Chevrolet,2009,32.93,-102.472
237,Mace,Male,Volkswagen,1984,33.668,-93.516
238,Winnie,Female,Volkswagen,2009,33.21,-102.902
239,Pet,Female,Infiniti,2002,31.442,-105.982
240,Barthel,Male,Mazda,1994,31.306,-101.525
241,Bird,Female,Pontiac,1983,35.921,-94.327
242,Issiah,Male,Bentley,2007,32.2,-102.281
243,Bennett,Male,Cadillac,2004,35.571,-105.829
244,Franky,Female,Mitsubishi,2002,27.741,-93.334
245,Aguistin,Male,Volkswagen,1990,31.289,-100.828
246,Brandise,Female,Buick,2006,32.923,-95.555
247,Maudie,Female,Scion,2013,27.442,-97.047
248,Tamarra,Female,Audi,2012,32.677,-93.125
249,Vi,Female,Maserati,1984,27.679,-104.983
250,Danny,Male,BMW,2003,32.897,-93.486
251,Dahlia,Female,GMC,2010,32.604,-103.934
252,Kelley,Female,Honda,1998,31.481,-102.058
253,Anselm,Male,GMC,2006,26.631,-96.378
254,Cindee,Female,Volvo,2010,29.455,-95.204
255,Lucky,Female,Chevrolet,2011,27.446,-103.434
256,Morry,Male,Pontiac,2010,31.58,-99.794
257,Audry,Female,GMC,2008,33.698,-100.696
258,Archibald,Male,Oldsmobile,1994,30.886,-97.78
259,Der,Male,Pontiac,2006,29.108,-95.664
260,Barbabas,Male,Infiniti,2010,34.199,-93.33
261,Sutherlan,Male,Dodge,2009,33.3,-103.606
262,Keslie,Female,Ford,1996,35.763,-99.958
263,Franz,Male,Mercury,2000,28.571,-104.91
264,Victor,Male,Hyundai,2004,31.954,-98.266
265,Agna,Female,Lexus,2001,35.545,-95.456
266,Aloysia,Female,Subaru,2002,31.023,-98.937
267,Jemie,Female,Dodge,2004,28.353,-105.923
268,Cass,Female,Subaru,2011,30.576,-103.521
269,Caroljean,Female,Dodge,2003,33.184,-97.987
270,Bourke,Male,Ford,1997,30.0,-93.756
271,Vergil,Male,Ford,2013,27.588,-96.598
272,Emelen,Male,Mazda,1991,34.508,-98.401
273,Andonis,Male,Chevrolet,2005,32.138,-97.822
274,Haskell,Male,Acura,2009,27.921,-94.227
275,Jory,Male,Mitsubishi,2011,33.498,-105.469
276,Sloane,Male,Hyundai,2010,30.456,-100.875
277,Schuyler,Male,Infiniti,2010,27.377,-97.55
278,Bondie,Male,Volvo,2010,31.672,-102.831
279,Nolie,Female,Chevrolet,2010,30.398,-104.164
280,Arlinda,Female,Lexus,2011,35.836,-104.856
281,Duff,Male,GMC,1999,31.049,-101.093
282,Hirsch,Male,Toyota,2006,28.651,-97.162
283,Stanislaw,Male,Buick,2007,35.503,-100.75
284,Minnnie,Female,Chrysler,2007,26.594,-101.189
285,Lodovico,Male,Infiniti,2008,28.374,-96.032
286,Jorge,Male,Saab,1994,28.115,-98.899
287,Rem,Male,GMC,1994,29.452,-102.939
288,Katrina,Female,Chrysler,2000,28.601,-100.509
289,Lin,Female,Mercedes-Benz,1997,27.068,-96.147
290,Maribeth,Female,Tesla,2010,35.12,-95.022
291,Wynn,Male,Lexus,2001,27.849,-104.311
292,Sib,Female,Subaru,2001,28.685,-104.068
293,Electra,Female,Mitsubishi,1993,30.781,-105.964
294,Evangeline,Female,Honda,2009,32.221,-103.186
295,Dalton,Male,Chevrolet,2011,33.402,-100.817
296,Jarib,Male,Mercedes-Benz,2011,26.719,-103.938
297,Dennet,Male,Volvo,2002,26.454,-104.949
298,Marga,Female,Ford,1985,29.789,-100.859
299,Shirl,Female,Kia,2009,30.728,-105.678
300,Jania,Female,Mazda,1995,30.179,-94.025
301,Curran,Male,Dodge,1994,32.48,-95.941
302,Dela,Female,Porsche,2010,34.091,-104.162
303,Nicholle,Female,Nissan,1996,29.311,-104.36
304,Selle,Female,Toyota,2012,31.328,-103.385
305,Guinna,Female,Infiniti,2012,29.093,-100.287
306,Hannah,Female,Ford,2002,28.178,-95.074
307,Richardo,Male,Volvo,2005,31.796,-97.65
308,Allistir,Male,Chrysler,2003,27.488,-102.095
309,Pryce,Male,Mitsubishi,1989,30.351,-96.122
310,Zebulen,Male,BMW,1995,33.448,-105.046
311,Emily,Female,Mazda,2004,34.963,-99.455
312,Alvira,Female,BMW,2006,35.49,-95.04
313,Earvin,Male,Volkswagen,1988,34.428,-101.689
314,Baldwin,Male,Audi,2009,31.617,-103.924
315,Betteanne,Female,Honda,2011,32.159,-105.798
316,Veronique,Female,Mercedes-Benz,2006,29.317,-101.204
317,Bibby,Female,Hyundai,2012,34.703,-97.777
318,Hillary,Male,Chevrolet,2003,29.995,-97.555
319,Ailsun,Female,Dodge,2010,34.89,-102.189
320,Neala,Female,Lexus,1989,35.785,-99.595
321,Gerrie,Male,Pontiac,2005,32.524,-96.444
322,Ker,Male,Hyundai,2012,27.015,-100.171
323,Blinny,Female,Buick,1991,27.249,-102.096
324,Barbara-anne,Female,GMC,2011,34.453,-101.58
325,Roseline,Female,Ford,1993,35.027,-99.082
326,Sheppard,Male,Subaru,1992,33.108,-101.516
327,Pedro,Male,Mitsubishi,1987,33.676,-96.35
328,Magda,Female,Toyota,2000,29.894,-102.687
329,Hubert,Male,Pontiac,1966,34.94,-93.938
330,Thekla,Female,Toyota,2012,28.644,-101.407
331,Ashly,Female,Nissan,2001,29.429,-94.836
332,Rebecca,Female,Chevrolet,1997,33.05,-97.742
333,Shayne,Male,Nissan,2009,34.741,-93.725
334,Byrom,Male,BMW,2008,35.638,-98.364
335,Obie,Male,Volvo,2007,28.921,-102.823
336,Casper,Male,Nissan,2004,29.962,-96.428
337,Caroline,Female,Toyota,2012,34.224,-102.283
338,Reilly,Male,Toyota,2009,34.917,-101.352
339,Pepe,Male,Pontiac,1984,32.496,-100.915
340,Cherry,Female,Mazda,2006,31.077,-93.733
341,Correy,Female,Isuzu,2003,31.021,-102.597
342,Kaja,Female,Nissan,2001,35.95,-95.495
343,Tiffie,Female,Dodge,1993,28.654,-96.582
344,Alysia,Female,BMW,2006,29.848,-105.826
345,Randee,Female,Chevrolet,2011,32.947,-104.141
346,Duane,Male,Volkswagen,2003,31.171,-98.548
347,Delcine,Female,Chrysler,2007,31.476,-103.662
348,Avram,Male,Ford,1996,29.219,-98.711
349,Tarra,Female,Dodge,1997,30.545,-100.058
350,Harwell,Male,Dodge,1998,34.807,-96.969
351,Jeannette,Female,Mercedes-Benz,2008,33.334,-101.763
352,Otis,Male,Buick,2001,32.724,-103.493
353,Brennan,Male,Land Rover,2010,32.585,-96.428
354,Ambrosi,Male,Ford,1992,32.836,-104.477
355,Currie,Male,Infiniti,2008,31.092,-103.073
356,Adrienne,Female,Mercury,1994,33.001,-93.114
357,Gladys,Female,Oldsmobile,1999,31.356,-96.001
358,Sol,Male,Suzuki,2003,35.33,-101.227
359,Wilmette,Female,BMW,2007,27.259,-93.559
360,Roderick,Male,Lexus,2013,31.561,-96.331
361,Cristine,Female,Mercury,1986,26.705,-95.754
362,Hermione,Female,BMW,2010,35.088,-95.598
363,Guthry,Male,Mazda,1996,30.083,-100.588
364,Eugine,Female,Mercedes-Benz,2004,29.02,-94.111
365,Brandice,Female,Ford,2003,28.986,-104.554
366,Sigmund,Male,Toyota,1994,30.397,-103.499
367,Luther,Male,Land Rover,2008,32.681,-96.846
368,Roma,Male,Chevrolet,2010,26.619,-103.315
369,Morlee,Male,Hyundai,2009,29.036,-100.46
370,Clayborn,Male,Mitsubishi,1994,32.633,-98.766
371,Kirstyn,Female,Dodge,2000,31.797,-95.375
372,Georgy,Male,Volkswagen,1998,26.499,-95.931
373,Sheffield,Male,BMW,2006,27.32,-98.318
374,Koenraad,Male,GMC,1999,27.032,-94.502
375,Iorgos,Male,Infiniti,1997,29.202,-96.609
376,Bernhard,Male,Oldsmobile,1998,28.328,-104.748
377,Susanna,Female,Audi,1996,34.045,-104.753
378,Somerset,Male,GMC,2011,28.612,-105.502
379,Shaw,Male,Volkswagen,1990,34.576,-93.564
380,Rosco,Male,Volkswagen,1988,33.802,-95.616
381,Urbano,Male,BMW,2008,33.856,-104.773
382,Sabra,Female,Honda,1996,26.783,-104.23
383,Barnard,Male,Chrysler,2006,26.34,-98.021
384,Tallia,Female,Nissan,1992,27.726,-97.879
385,Gabi,Female,Mitsubishi,2011,31.024,-105.592
386,Alicia,Female,Infiniti,2008,28.077,-101.75
387,Marlo,Male,Lincoln,2007,34.771,-94.734
388,Gerrilee,Female,Aston Martin,2011,27.473,-100.822
389,Willy,Male,Lexus,1993,28.861,-95.805
390,Angil,Female,Nissan,2005,32.384,-99.147
391,Gunner,Male,Lotus,1989,28.502,-103.511
392,Barbie,Female,Ford,1991,27.928,-105.647
393,Randolf,Male,Aston Martin,2006,28.697,-101.572
394,Rochester,Male,Nissan,2012,35.628,-99.204
395,Shel,Female,Mazda,1998,32.514,-99.141
396,Elga,Female,Acura,2009,29.075,-100.267
397,Lauryn,Female,Mercury,2007,35.798,-96.934
398,Drucy,Female,GMC,2009,35.331,-98.263
399,Clareta,Female,Chevrolet,1996,33.441,-93.509
400,Sampson,Male,Volvo,2009,33.657,-97.392
401,Kala,Female,Lincoln,2000,33.057,-104.585
402,Lemmy,Male,Chrysler,2001,35.66,-104.318
403,Hatty,Female,Mercedes-Benz,2011,30.501,-94.398
404,Merline,Female,Ford,1996,26.642,-97.634
405,Doug,Male,Ram,2011,27.484,-95.448
406,Constantine,Male,GMC,2001,34.145,-100.589
407,Anne,Female,Buick,2007,27.246,-97.938
408,Shoshanna,Female,Audi,2009,29.641,-103.862
409,Glory,Female,Lincoln,2003,33.852,-103.476
410,Llewellyn,Male,Ford,2006,33.617,-104.841
411,Gerald,Male,Dodge,1993,31.357,-99.346
412,Verile,Female,Lincoln,2008,34.261,-103.688
413,Camel,Female,Chevrolet,1969,29.963,-100.241
414,Austin,Female,Dodge,2005,30.855,-97.233
415,Kassie,Female,Ford,1999,31.624,-100.999
416,Patrizio,Male,Ford,2001,27.342,-100.927
417,Desmund,Male,Ram,2012,35.778,-98.723
418,Katinka,Female,Maserati,1984,32.895,-98.362
419,Darryl,Male,Volkswagen,1996,31.812,-98.492
420,Bobbie,Male,Cadillac,2012,30.045,-94.037
421,Mora,Female,Ford,2011,26.623,-100.349
422,Pernell,Male,Volkswagen,1991,33.859,-96.53
423,Berna,Female,Oldsmobile,1996,30.093,-96.158
424,Valentino,Male,Chevrolet,2000,35.776,-105.188
425,Augustina,Female,Lamborghini,2003,26.707,-101.267
426,Ricardo,Male,Ford,1999,31.207,-98.483
427,Andriana,Female,Volkswagen,1995,33.612,-104.53
428,Ellwood,Male,Chevrolet,2009,35.862,-101.318
429,Ly,Male,Pontiac,1989,28.878,-104.386
430,Tiebout,Male,Eagle,1994,33.867,-95.753
431,Beatrix,Female,Hyundai,1997,31.363,-99.716
432,Dulce,Female,BMW,1999,33.213,-97.566
433,Luther,Male,Honda,2012,34.459,-96.833
434,Chevalier,Male,Ford,1987,27.695,-99.976
435,Leesa,Female,Toyota,2004,35.38,-95.374
436,Duff,Male,GMC,1999,32.909,-100.642
437,Robinette,Female,Lexus,1997,31.665,-105.602
438,Goddart,Male,Audi,2008,29.216,-104.169
439,Winthrop,Male,Ford,2009,29.876,-96.357
440,Sinclair,Male,Chevrolet,2006,30.576,-99.891
441,Ebeneser,Male,Kia,2004,32.482,-100.431
442,Marlon,Male,Toyota,2006,29.628,-97.832
443,Deina,Female,Chrysler,2002,35.605,-103.694
444,Cam,Female,Kia,2004,27.989,-96.768
445,Ivie,Female,Mitsubishi,1998,34.142,-96.317
446,Salvatore,Male,Porsche,1992,33.071,-96.523
447,Forrest,Male,Lexus,1999,35.109,-94.064
448,Sholom,Male,Subaru,2006,30.466,-105.609
449,Quillan,Male,Mitsubishi,1986,31.044,-97.953
450,Glyn,Male,Buick,1997,34.577,-101.466
451,Edgardo,Male,Ford,1988,35.234,-101.539
452,Hussein,Male,Kia,2001,35.476,-94.796
453,Derek,Male,BMW,2002,35.635,-95.499
454,Cariotta,Female,Daewoo,1999,32.759,-102.489
455,Dagmar,Female,Chevrolet,1992,32.938,-94.415
456,Lucinda,Female,Ford,1993,28.373,-105.479
457,Pincas,Male,Ford,1986,31.534,-101.76
458,Emelen,Male,Geo,1993,27.465,-102.813
459,Tobiah,Male,Mercedes-Benz,1999,29.677,-98.412
460,Haily,Male,Nissan,2008,35.498,-101.552
461,Nickolai,Male,Dodge,1993,30.616,-95.232
462,Heath,Female,Chevrolet,2011,33.229,-94.287
463,Elena,Female,Pontiac,1993,32.494,-99.439
464,Pete,Male,Suzuki,2002,26.962,-94.971
465,Austen,Male,Toyota,2007,33.882,-104.603
466,Burnaby,Male,GMC,1999,34.677,-105.329
467,Amelie,Female,Ford,1984,32.035,-100.18
468,Gustav,Male,Toyota,2008,28.372,-94.548
469,Dorolice,Female,Chevrolet,2013,30.259,-99.539
470,Ellsworth,Male,Chevrolet,2000,29.788,-103.356
471,Kahlil,Male,Dodge,2011,26.337,-96.894
472,Nora,Female,Land Rover,1996,35.526,-105.575
473,Tomlin,Male,Hummer,2006,26.968,-96.661
474,Chaddy,Male,Ford,2000,31.149,-102.58
475,Rustin,Male,Ford,2002,27.167,-96.983
476,Chuck,Male,Chevrolet,1997,27.665,-100.95
477,Claire,Male,Mercury,2011,35.922,-100.076
478,Huntley,Male,Geo,1996,35.397,-104.872
479,Janaya,Female,Ford,1967,33.709,-102.917
480,Nate,Male,Ford,2009,34.606,-102.33
481,Reuben,Male,Audi,2001,31.373,-100.26
482,Asa,Male,Lincoln,2008,26.736,-103.372
483,Heloise,Female,Chevrolet,2000,30.017,-96.515
484,Ruthy,Female,Chevrolet,1996,26.271,-95.54
485,Theodoric,Male,Buick,1985,27.23,-95.666
486,Carree,Female,Nissan,1996,35.184,-93.429
487,Tome,Male,Audi,2012,35.171,-93.854
488,Fielding,Male,Honda,2010,30.149,-97.019
489,Bess,Female,Mercury,1998,29.675,-98.481
490,Teador,Male,Subaru,2008,27.593,-103.148
491,Petra,Female,Ford,1996,33.603,-93.261
492,Kristin,Female,Pontiac,2009,26.883,-100.896
493,Nataline,Female,Isuzu,1992,29.649,-98.636
494,Nicolina,Female,Volkswagen,2011,30.813,-105.384
495,Myron,Male,Buick,1987,33.488,-100.48
496,Jesse,Male,Dodge,2004,35.005,-97.108
497,Meriel,Female,Volkswagen,2005,27.516,-96.028
498,Kim,Male,Ford,1997,30.109,-97.174
499,Ronald,Male,Pontiac,1988,27.254,-101.322
500,Melvyn,Male,Dodge,1994,30.458,-102.123
501,Annabell,Female,Mazda,2004,30.325,-93.538
502,Lindsay,Female,Ford,2012,28.108,-94.159
503,Griffith,Male,Mitsubishi,2001,31.174,-105.259
504,Miguelita,Female,Infiniti,2010,32.622,-104.425
505,Elia,Male,GMC,1995,35.103,-104.619
506,Merle,Female,Maserati,1991,31.932,-101.879
507,Jilleen,Female,Kia,2006,28.065,-93.781
508,Justino,Male,Honda,2003,28.65,-97.607
509,Rena,Female,Honda,1993,26.66,-97.068
510,Shoshana,Female,Lexus,2005,29.334,-99.962
511,Guido,Male,Chevrolet,1996,29.37,-105.744
512,Juana,Female,Oldsmobile,2001,32.696,-95.231
513,Agace,Female,Infiniti,2003,32.573,-104.916
514,Edeline,Female,Honda,2000,26.368,-93.827
515,Andie,Female,Dodge,1995,27.482,-99.298
516,Cullan,Male,Lexus,2002,29.181,-97.609
517,Kerk,Male,Mercedes-Benz,2010,30.885,-98.199
518,Lynett,Female,Audi,1991,35.108,-101.468
519,Verney,Male,GMC,1993,29.685,-103.423
520,Nicolina,Female,Kia,2012,29.449,-100.995
521,Cyrillus,Male,MINI,2010,31.275,-93.307
522,Gusty,Female,Hyundai,2012,28.217,-105.819
523,Herbert,Male,GMC,2004,34.122,-96.31
524,Veriee,Female,Toyota,1999,29.862,-104.151
525,Winston,Male,BMW,2006,31.522,-98.958
526,Harwell,Male,Chevrolet,2012,35.721,-97.749
527,Nara,Female,Mercedes-Benz,2012,26.722,-103.061
528,Mareah,Female,Kia,2009,29.208,-105.907
529,Grace,Female,Mazda,2006,30.375,-102.73
530,Barnett,Male,Jeep,2008,29.216,-105.793
531,Petunia,Female,Volkswagen,1999,29.926,-95.488
532,Dalia,Female,Land Rover,2010,27.039,-98.326
533,Winfred,Male,Ford,1966,34.659,-97.327
534,Ophelie,Female,Audi,1989,34.212,-95.216
535,Pavia,Female,Ford,1991,34.903,-103.392
536,Neel,Male,Nissan,2004,30.175,-101.838
537,Julieta,Female,Toyota,1993,29.089,-93.999
538,Karoly,Male,Subaru,2000,34.614,-100.684
539,Berty,Female,Ford,2012,31.185,-98.532
540,Codi,Female,Mitsubishi,1989,32.229,-100.254
541,Rachelle,Female,Volkswagen,1994,33.327,-101.894
542,Mandel,Male,Mercedes-Benz,1998,34.577,-93.846
543,Damara,Female,Mazda,1995,31.398,-102.31
544,Emilie,Female,Lexus,2011,30.236,-102.489
545,Lucias,Male,Plymouth,1998,32.665,-97.648
546,Shelley,Male,GMC,1994,32.821,-93.25
547,Witty,Male,Ford,2003,27.674,-101.582
548,Morris,Male,Chevrolet,1998,28.094,-93.53
549,Etienne,Male,GMC,1992,35.077,-102.63
550,Wenona,Female,Aston Martin,2010,29.626,-102.585
551,Belvia,Female,Lamborghini,2003,34.926,-98.286
552,Mel,Male,Mazda,1989,31.199,-99.891
553,Nadia,Female,Nissan,2012,35.647,-101.197
554,Sharyl,Female,Audi,1994,31.554,-101.102
555,Ricoriki,Male,Mercedes-Benz,2012,31.954,-93.737
556,Nolie,Female,Toyota,2012,29.43,-94.829
557,Paulita,Female,Pontiac,1992,26.734,-96.444
558,Mathe,Male,Chevrolet,1992,35.036,-100.063
559,Casey,Female,Toyota,1992,33.456,-99.668
560,Marten,Male,Chevrolet,1993,35.687,-98.143
561,Rod,Male,Hyundai,2007,26.37,-101.751
562,Tony,Male,Mitsubishi,1984,35.053,-98.602
563,Renault,Male,Ford,1996,27.355,-95.37
564,Riccardo,Male,Mercedes-Benz,2002,33.914,-102.552
565,Quinlan,Male,Oldsmobile,2002,29.383,-98.565
566,Sophronia,Female,MINI,2011,28.765,-95.023
567,Everard,Male,Ford,1994,29.64,-104.361
568,Web,Male,Jaguar,2010,33.976,-101.395
569,Hector,Male,Jeep,1995,31.892,-93.021
570,Demetri,Male,Toyota,1998,26.137,-94.25
571,Stafford,Male,Audi,2006,27.635,-103.982
572,Toma,Female,Mitsubishi,2005,33.464,-105.086
573,Justinn,Female,Pontiac,2006,30.342,-103.894
574,Liesa,Female,Honda,2008,32.494,-103.095
575,Aksel,Male,Mercedes-Benz,2002,31.073,-97.394
576,Richie,Male,Dodge,2006,35.189,-100.453
577,Anitra,Female,Lamborghini,1996,33.856,-104.256
578,Pepe,Male,Acura,1998,33.236,-103.143
579,Farrell,Male,Ford,1965,26.854,-94.778
580,Gerladina,Female,Lexus,2005,28.46,-98.041
581,Haleigh,Male,Pontiac,2003,30.578,-102.514
582,Carmelle,Female,Toyota,1992,35.287,-99.71
583,Nicoli,Female,Dodge,1996,27.144,-95.291
584,Ekaterina,Female,Mazda,2010,32.743,-96.636
585,Lev,Male,Maybach,2009,30.388,-98.326
586,Sherwynd,Male,Subaru,1993,29.289,-94.752
587,Cale,Male,Chevrolet,1993,32.701,-100.793
588,Temple,Male,Pontiac,1990,30.886,-97.697
589,Clare,Female,GMC,2011,35.952,-101.201
590,Brennan,Male,Mitsubishi,1995,33.224,-99.55
591,Patsy,Male,Chevrolet,1999,28.61,-98.21
592,Adams,Male,Ford,1999,26.97,-99.425
593,Abraham,Male,Pontiac,2005,33.478,-99.425
594,Ellsworth,Male,Daewoo,2000,35.74,-95.704
595,Michele,Male,Buick,1962,31.964,-101.553
596,Marcellina,Female,Plymouth,1992,32.561,-99.57
597,Abie,Male,Chevrolet,1995,30.678,-93.988
598,Riane,Female,Cadillac,2000,26.073,-104.9
599,Cele,Female,Ford,2005,32.293,-101.529
600,Andee,Female,Lexus,2011,29.779,-101.463
601,Lorita,Female,Chevrolet,2006,28.173,-102.985
602,Aurelie,Female,Ford,1995,28.544,-98.236
603,Tannie,Male,Ford,2008,30.698,-105.425
604,Rurik,Male,Hummer,2007,34.664,-101.357
605,Bartholemy,Male,Chevrolet,1993,29.913,-100.348
606,Garnette,Female,Ford,1992,35.199,-93.314
607,Farica,Female,Chevrolet,1994,30.906,-103.155
608,Roseann,Female,Mercedes-Benz,2006,33.633,-94.807
609,Aldous,Male,Lexus,2010,32.145,-102.437
610,Maudie,Female,Ford,1966,33.123,-99.24
611,Victor,Male,Toyota,2010,34.454,-94.319
612,Issie,Female,GMC,2002,29.087,-99.845
613,Shalom,Male,Ford,2000,31.308,-102.99
614,Jakie,Male,Cadillac,1992,34.908,-95.083
615,Mischa,Male,Infiniti,1995,34.522,-94.015
616,Dita,Female,GMC,2010,30.974,-95.596
617,Everett,Male,Hummer,1999,29.646,-97.667
618,Alameda,Female,Chevrolet,1994,27.636,-100.2
619,Randene,Female,Ford,2010,32.435,-104.739
620,Gracia,Female,Pontiac,1994,35.361,-100.901
621,Trevor,Male,Dodge,2000,31.354,-96.2
622,Reinaldos,Male,Mitsubishi,1991,34.456,-105.663
623,Tobey,Female,Nissan,2010,27.549,-103.855
624,Fawnia,Female,Honda,2006,27.837,-104.188
625,Pepita,Female,Mazda,2001,30.529,-100.125
626,Mariquilla,Female,Honda,2007,29.51,-96.895
627,Candida,Female,Mercedes-Benz,2012,26.735,-96.383
628,Bartholomeo,Male,BMW,2002,28.806,-98.657
629,Saidee,Female,Chevrolet,2008,33.526,-100.833
630,Alexei,Male,Mazda,2011,32.035,-102.805
631,Julissa,Female,Mercury,1999,28.175,-105.842
632,Tanney,Male,Hyundai,2000,26.628,-100.064
633,Wynny,Female,Suzuki,1992,27.795,-95.467
634,Prent,Male,Toyota,1978,28.216,-96.183
635,Grant,Male,Mitsubishi,1989,29.521,-103.542
636,Sergent,Male,Nissan,2009,33.548,-104.184
637,Rayner,Male,Chevrolet,2009,28.576,-96.273
638,Menard,Male,Mazda,2003,27.486,-99.49
639,Hedda,Female,Saab,2008,28.35,-99.734
640,Bride,Female,GMC,1996,35.272,-94.887
641,Marsiella,Female,Hyundai,2002,31.028,-97.53
642,Gilda,Female,Audi,2009,28.166,-98.96
643,Maridel,Female,Chevrolet,2012,35.097,-96.15
644,Oralie,Female,Honda,2002,30.588,-100.136
645,Rolando,Male,Ford,2004,26.703,-102.602
646,Gunilla,Female,Mercedes-Benz,2003,29.13,-100.414
647,Arie,Male,Toyota,2001,29.165,-97.72
648,Sven,Male,Honda,1994,35.811,-96.646
649,Sarine,Female,Ford,1986,28.271,-105.671
650,Jillana,Female,Mitsubishi,1991,33.527,-93.951
651,Major,Male,Mitsubishi,1990,33.85,-93.901
652,Manda,Female,Buick,2001,30.862,-100.97
653,Basile,Male,Lexus,2004,28.173,-102.748
654,Mareah,Female,Ford,1999,27.365,-101.016
655,Micheil,Male,Mercedes-Benz,1992,33.857,-97.492
656,Konstance,Female,Suzuki,2002,34.982,-102.802
657,Nahum,Male,Toyota,2001,28.652,-105.626
658,Shay,Female,Ford,2013,26.031,-94.609
659,Wyatt,Male,Chevrolet,2005,31.402,-96.76
660,Robina,Female,Mazda,1987,31.046,-102.59
661,Fletch,Male,Ford,2003,27.771,-99.937
662,Bendite,Female,Chevrolet,1998,26.269,-103.692
663,Murry,Male,Dodge,1994,31.531,-96.874
664,Ichabod,Male,Chevrolet,2011,33.704,-93.245
665,Fidelia,Female,Cadillac,2010,34.305,-99.328
666,Elva,Female,Toyota,2012,34.887,-95.955
667,Brennan,Male,Ford,1997,28.916,-99.324
668,Nikolaos,Male,Jeep,2003,28.186,-104.76
669,Rochella,Female,Nissan,2009,27.651,-96.806
670,Tybi,Female,Audi,2004,31.321,-105.926
671,Dyana,Female,Mitsubishi,2003,29.176,-99.146
672,Carmine,Female,BMW,2013,29.572,-104.493
673,Errick,Male,Mitsubishi,1985,35.846,-102.489
674,Carmita,Female,Volkswagen,2011,31.936,-93.878
675,Mela,Female,Volkswagen,1993,28.649,-97.772
676,Cornie,Female,Volkswagen,2012,35.779,-95.634
677,Marcela,Female,Chevrolet,1995,29.74,-95.925
678,Arie,Male,Chevrolet,2009,34.219,-95.179
679,Drew,Male,Chevrolet,2009,31.225,-98.054
680,Arlene,Female,Cadillac,2011,26.766,-100.608
681,Valdemar,Male,Ford,1996,32.276,-95.328
682,Rennie,Female,Mercedes-Benz,2006,32.34,-102.725
683,Lianna,Female,Toyota,2006,32.77,-93.661
684,Jarib,Male,Volkswagen,1995,35.53,-97.986
685,Isiahi,Male,Honda,2011,27.523,-98.686
686,Viviana,Female,Audi,1993,32.896,-105.234
687,Hephzibah,Female,Mercury,1999,26.833,-94.424
688,Aristotle,Male,Lexus,2011,30.868,-99.489
689,Bank,Male,Chevrolet,2003,26.957,-101.751
690,Amil,Female,Lexus,2011,27.206,-105.384
691,Michaelina,Female,Ford,1991,26.799,-97.615
692,Anton,Male,Mazda,1998,35.345,-97.159
693,Joleen,Female,Suzuki,2007,30.187,-94.055
694,Franklin,Male,Nissan,2008,26.301,-104.031
695,Jule,Male,Dodge,1995,29.322,-102.025
696,Elmore,Male,Mercury,2005,32.789,-103.503
697,Ambrose,Male,Mercury,1988,28.011,-101.017
698,Silvio,Male,Audi,1993,28.373,-104.629
699,Hinze,Male,Pontiac,2007,29.47,-104.662
700,Gloriane,Female,Mazda,2005,32.685,-105.595
701,Shalom,Male,Saab,2005,35.303,-104.856
702,Kristoforo,Male,Toyota,2003,31.883,-102.642
703,Hymie,Male,Ford,2011,31.653,-103.327
704,Micky,Female,Mercedes-Benz,2009,35.186,-98.807
705,Birgit,Female,Pontiac,1988,30.021,-101.205
706,Cletus,Male,Infiniti,2012,29.619,-98.504
707,Eduardo,Male,Honda,2001,30.543,-97.415
708,Andree,Female,GMC,2003,30.088,-102.333
709,Brigid,Female,Hyundai,2003,27.579,-104.593
710,Ephraim,Male,Bentley,2012,26.452,-104.682
711,Cece,Male,Volvo,1995,28.104,-104.562
712,Andie,Male,Oldsmobile,1992,31.014,-97.712
713,Cynthy,Female,Buick,1985,34.238,-100.743
714,Taite,Male,BMW,2010,33.159,-99.173
715,Genna,Female,Buick,2003,33.903,-98.746
716,Winne,Female,Mazda,2002,33.22,-97.329
717,Kathrine,Female,Dodge,1993,34.943,-105.925
718,Francklyn,Male,Subaru,2004,32.055,-102.451
719,Emylee,Female,Chevrolet,1996,31.016,-102.567
720,Den,Male,Pontiac,1961,34.519,-97.143
721,Shaina,Female,Lincoln,2008,29.033,-94.843
722,Domini,Female,Jaguar,1999,33.191,-93.48
723,Brita,Female,GMC,2010,31.463,-96.785
724,Merissa,Female,Ford,2000,30.644,-94.367
725,Barb,Female,Suzuki,2012,29.26,-96.724
726,Sallee,Female,Jeep,1993,28.271,-96.413
727,Rod,Male,Hyundai,1993,29.411,-103.611
728,Darda,Female,Mitsubishi,2005,30.955,-100.361
729,Nigel,Male,Pontiac,1991,27.216,-94.007
730,Shoshana,Female,Land Rover,1995,30.226,-98.835
731,Nichole,Male,Mitsubishi,1996,33.981,-93.224
732,Nelle,Female,Ford,2008,30.082,-100.451
733,Ripley,Male,Mazda,1998,32.147,-100.103
734,Packston,Male,Mercedes-Benz,2008,30.394,-97.688
735,Josh,Male,Mercedes-Benz,2003,30.405,-97.201
736,Suzi,Female,Ford,1986,27.83,-104.21
737,Morley,Male,Lexus,2011,31.609,-98.318
738,Adolf,Male,Buick,2006,33.794,-97.118
739,Marcia,Female,Nissan,2003,28.287,-93.281
740,Rozanne,Female,Lexus,2012,35.412,-98.298
741,Gray,Male,Oldsmobile,2000,33.669,-98.602
742,Steve,Male,Suzuki,1992,32.32,-100.236
743,Keely,Female,Saab,2002,29.513,-105.713
744,Ambrosius,Male,Chrysler,2008,27.761,-93.0
745,Eunice,Female,Volkswagen,2011,29.202,-95.969
746,Katerina,Female,Pontiac,1967,34.341,-101.068
747,Netta,Female,BMW,1993,34.011,-99.371
748,Thor,Male,Dodge,1997,34.943,-104.656
749,Andria,Female,Hyundai,2000,33.466,-95.474
750,Berri,Female,Bentley,2010,35.657,-100.054
751,Brady,Male,Dodge,1995,29.357,-95.37
752,Algernon,Male,Ford,2010,35.156,-100.665
753,Kim,Male,Acura,1997,34.869,-102.678
754,Susannah,Female,Infiniti,2001,33.283,-94.333
755,Gayelord,Male,Subaru,2008,30.497,-102.485
756,Freeman,Male,BMW,1994,32.833,-94.141
757,Casey,Male,Mercedes-Benz,2012,29.56,-98.284
758,Joanie,Female,Suzuki,1997,27.313,-95.823
759,Frederico,Male,Toyota,2008,34.732,-105.614
760,Carce,Male,Cadillac,2008,34.615,-100.481
761,Ebonee,Female,Kia,2003,28.462,-97.224
762,Lacee,Female,Chevrolet,1992,35.11,-100.264
763,Eugenio,Male,Nissan,2012,29.635,-94.887
764,Wyndham,Male,Kia,2013,31.546,-105.007
765,Kaleena,Female,Ford,1993,29.221,-97.403
766,Gorden,Male,Land Rover,1994,27.966,-94.291
767,Darsey,Female,Lincoln,2001,31.005,-100.91
768,Hyatt,Male,Ford,2011,33.759,-103.944
769,Orlando,Male,Porsche,1993,34.217,-96.35
770,Sophia,Female,Mazda,2001,33.981,-93.463
771,Alexis,Male,Mazda,1998,32.7,-98.142
772,Lyndy,Female,Lincoln,1990,27.321,-105.516
773,Mendy,Male,Pontiac,1987,33.702,-102.135
774,Obediah,Male,Pontiac,1990,26.6,-94.698
775,Israel,Male,Chevrolet,1967,35.232,-94.886
776,Clemens,Male,MINI,2012,33.602,-101.722
777,Rozanna,Female,Volvo,1994,26.68,-97.498
778,Anny,Female,Audi,2009,35.636,-97.185
779,Amye,Female,Ford,2011,33.346,-104.311
780,Cecil,Female,Audi,2004,34.056,-102.096
781,Emmanuel,Male,Toyota,2001,31.418,-97.669
782,Timmi,Female,Chrysler,2000,30.667,-93.264
783,Carmina,Female,Ford,1987,35.768,-105.673
784,Dirk,Male,Kia,1996,29.772,-99.857
785,Lacy,Female,Bentley,2011,28.377,-95.611
786,Cynde,Female,Porsche,1987,27.602,-102.81
787,Jeanine,Female,Hyundai,2007,30.15,-101.407
788,Lonny,Male,Volkswagen,1999,34.691,-95.832
789,Bernete,Female,Dodge,2003,35.201,-99.886
790,Pepe,Male,Honda,1999,33.555,-97.333
791,Amelia,Female,Chevrolet,2010,28.133,-102.746
792,Farrel,Male,Volkswagen,1986,32.307,-105.077
793,Kari,Female,Lexus,2010,28.433,-105.625
794,Cally,Female,Suzuki,1986,31.997,-99.48
795,Borden,Male,Toyota,2007,31.073,-101.558
796,Arley,Male,Mazda,2006,30.212,-93.486
797,Chrisy,Male,Honda,2011,29.916,-103.231
798,Dallas,Male,Volvo,2007,30.834,-101.08
799,Laure,Female,Honda,2001,31.094,-97.598
800,Odella,Female,Lexus,2006,29.875,-101.642
801,Jemmie,Female,Chevrolet,2002,35.885,-95.268
802,Conny,Male,Chevrolet,1953,26.359,-97.846
803,Nehemiah,Male,GMC,2001,35.102,-95.121
804,Marcelline,Female,Lexus,2013,30.768,-100.019
805,Reynard,Male,Isuzu,2006,28.832,-97.131
806,Kerri,Female,Mitsubishi,1998,29.39,-99.948
807,Elenore,Female,Ford,1991,29.473,-96.354
808,Killian,Male,Cadillac,1993,26.622,-100.773
809,Georgie,Male,Mercedes-Benz,2007,35.212,-96.236
810,Joye,Female,Toyota,1996,29.971,-95.097
811,Dorise,Female,Lotus,1992,26.278,-97.363
812,Vasili,Male,Pontiac,1984,33.233,-97.591
813,Algernon,Male,Suzuki,2008,32.329,-93.968
814,Alfy,Male,Toyota,2006,34.42,-99.399
815,Lise,Female,Hyundai,2012,30.25,-99.026
816,Hersch,Male,Subaru,2008,32.32,-95.68
817,Ray,Male,Mazda,1997,35.984,-99.572
818,Gibbie,Male,Ford,1984,32.92,-93.249
819,Elie,Female,Land Rover,2011,30.233,-105.71
820,Hilliary,Female,Lotus,2011,34.421,-98.879
821,Marshall,Male,Mercury,2009,29.666,-95.255
822,Kathlin,Female,Chevrolet,1980,32.566,-93.909
823,Shelbi,Female,Chevrolet,2013,31.737,-97.319
824,Ruthy,Female,Austin,1959,33.337,-93.075
825,Vail,Male,Cadillac,2006,28.528,-100.299
826,Shaw,Male,Acura,1998,35.438,-94.337
827,Brandise,Female,Mercedes-Benz,2012,29.053,-99.407
828,Amelia,Female,Toyota,2005,30.674,-99.956
829,Maxine,Female,Toyota,1994,29.825,-94.537
830,Finley,Male,Honda,2003,29.367,-102.652
831,Tristan,Male,Mercedes-Benz,1985,27.532,-101.735
832,Kariotta,Female,Mitsubishi,1990,29.499,-97.917
833,Dolorita,Female,Honda,2006,34.291,-99.7
834,Kelci,Female,GMC,1992,32.108,-104.43
835,Felicdad,Female,Lexus,2010,31.56,-99.389
836,Adelind,Female,BMW,2010,32.331,-94.485
837,Farlie,Male,Porsche,1994,32.954,-103.435
838,Nina,Female,Volvo,2011,33.029,-104.232
839,Netta,Female,Dodge,1994,34.465,-93.838
840,Lind,Male,Volvo,1999,27.358,-94.213
841,Idaline,Female,Honda,2011,28.391,-103.892
842,Klemens,Male,Toyota,2004,27.434,-105.618
843,Marty,Male,Pontiac,1986,31.816,-102.474
844,Delainey,Male,Mitsubishi,2010,27.346,-97.335
845,Sampson,Male,Infiniti,2012,33.907,-103.202
846,Laurene,Female,Hyundai,2001,28.525,-100.78
847,Roy,Male,Volkswagen,2012,31.085,-99.04
848,Padget,Male,Honda,1991,31.098,-94.274
849,Brent,Male,GMC,1997,28.928,-101.919
850,Sullivan,Male,Acura,2000,34.944,-96.202
851,Somerset,Male,Porsche,2010,31.111,-105.094
852,Vic,Male,Audi,1994,26.664,-94.011
853,Forbes,Male,Mazda,1983,34.74,-101.583
854,Darla,Female,Acura,2009,28.229,-101.86
855,Cortie,Male,Mazda,1999,35.307,-96.607
856,Nate,Male,Dodge,2008,33.556,-95.681
857,Hart,Male,Jaguar,2003,35.819,-103.089
858,Neron,Male,Mitsubishi,1997,32.324,-95.781
859,Murdock,Male,Hummer,2004,29.914,-95.303
860,Susanna,Female,Lincoln,2013,28.68,-96.834
861,Kelli,Female,Mercury,1993,29.006,-94.417
862,Peyton,Male,Ford,1993,29.015,-100.574
863,Carlie,Female,Suzuki,2004,31.208,-95.077
864,Aurlie,Female,Honda,2012,35.822,-93.957
865,Kally,Female,Mercedes-Benz,1987,33.53,-100.43
866,Clemens,Male,Daewoo,2000,33.486,-101.81
867,Cyrill,Male,Pontiac,1967,26.73,-100.805
868,Perkin,Male,Lexus,2001,34.065,-94.656
869,Elie,Female,Cadillac,1999,30.018,-100.372
870,Demetris,Female,Lamborghini,2007,26.735,-104.862
871,Tanhya,Female,Nissan,1997,28.709,-103.753
872,Jinny,Female,Volkswagen,1989,27.943,-102.193
873,Alasdair,Male,Subaru,1996,30.466,-97.813
874,Weston,Male,Mazda,2007,33.716,-93.583
875,Humphrey,Male,Chevrolet,1956,26.845,-105.594
876,Benson,Male,Dodge,1992,26.442,-94.344
877,Dina,Female,Aston Martin,2010,31.073,-94.2
878,Starlin,Female,Oldsmobile,2003,33.188,-103.052
879,Keefer,Male,Mercedes-Benz,1989,26.474,-95.065
880,Bobbee,Female,Audi,1994,31.152,-102.434
881,Skelly,Male,Chevrolet,2009,35.088,-95.235
882,Ross,Male,Mercury,1988,27.658,-104.961
883,Domenico,Male,GMC,1997,31.043,-105.907
884,Renault,Male,Hummer,2008,29.773,-100.2
885,Rickie,Female,Hyundai,1994,29.508,-97.216
886,Robbyn,Female,Mercedes-Benz,2000,27.009,-96.818
887,Shanan,Male,Lamborghini,1993,31.618,-105.522
888,Melina,Female,Suzuki,2000,35.846,-103.082
889,Lorilyn,Female,Mercury,1987,30.175,-103.121
890,Bran,Male,Ford,2006,28.591,-99.827
891,Bessie,Female,Subaru,1986,26.447,-101.753
892,Mellisent,Female,Kia,2004,31.012,-95.805
893,Martha,Female,Toyota,1992,33.693,-105.074
894,Anna-diana,Female,Lotus,2011,27.629,-105.463
895,Sheffy,Male,Pontiac,1992,29.357,-95.098
896,Letti,Female,Lexus,1997,31.179,-101.157
897,Maire,Female,Ferrari,2009,27.544,-104.661
898,Donielle,Female,Mercury,1992,30.282,-94.636
899,Jelene,Female,Buick,2007,27.911,-97.773
900,Jakob,Male,Pontiac,2001,30.621,-100.247
901,Barbra,Female,Chevrolet,2007,30.925,-97.454
902,Marlee,Female,Suzuki,2005,30.504,-104.336
903,Ado,Male,Toyota,2005,27.406,-98.817
904,Dedra,Female,Saab,1987,28.688,-101.587
905,Trev,Male,Plymouth,2000,26.195,-104.851
906,Carri,Female,Buick,1990,31.747,-93.191
907,Gabi,Male,Audi,1986,27.071,-95.711
908,Ragnar,Male,Toyota,2004,33.297,-98.887
909,Artur,Male,Ford,1995,34.049,-98.891
910,Nickolai,Male,Toyota,2011,31.307,-100.765
911,Dorise,Female,Chevrolet,1994,32.752,-95.856
912,Griz,Male,Dodge,1995,33.852,-97.062
913,Arlin,Male,Audi,1986,29.219,-104.061
914,Reggy,Male,Mitsubishi,2002,35.422,-102.392
915,Rube,Male,Dodge,2003,35.687,-100.614
916,Burt,Male,GMC,1992,29.497,-101.414
917,Gerry,Female,Saab,2007,32.332,-99.288
918,Jecho,Male,Subaru,1995,26.327,-96.417
919,Dianne,Female,Ford,2005,29.738,-101.575
920,Skyler,Male,Dodge,1970,34.155,-103.296
921,Christoforo,Male,Mitsubishi,1997,27.596,-94.826
922,Hal,Male,Lamborghini,2004,28.41,-93.412
923,Nicholle,Female,Lincoln,1998,33.933,-100.522
924,Cassandry,Female,Ford,2009,32.775,-104.102
925,Rosaline,Female,Toyota,2010,27.147,-93.443
926,Mikkel,Male,Jaguar,1997,35.286,-95.802
927,Ilka,Female,Isuzu,2007,35.476,-105.39
928,Cornall,Male,Dodge,2010,27.501,-103.874
929,Amara,Female,Nissan,1996,33.324,-98.007
930,Archambault,Male,Lexus,2006,33.658,-95.629
931,Bo,Male,Chevrolet,2008,32.575,-100.692
932,Basile,Male,Acura,1999,29.937,-93.804
933,Lothario,Male,Nissan,2010,29.46,-103.817
934,Cordey,Female,Toyota,2007,26.157,-100.283
935,Julina,Female,Ford,2000,35.785,-103.438
936,Karyl,Female,Chrysler,1996,30.401,-105.26
937,Gun,Male,Volkswagen,2011,35.157,-99.036
938,Fairfax,Male,Chrysler,2001,31.089,-105.929
939,Wendell,Male,Audi,2012,34.856,-93.768
940,Tome,Male,Toyota,2006,34.011,-93.798
941,Martguerita,Female,Mazda,2006,26.035,-103.169
942,Brady,Male,Mazda,2004,34.429,-93.374
943,Bail,Male,Chevrolet,1998,34.973,-100.402
944,Town,Male,Subaru,1985,30.923,-93.215
945,Barry,Female,Ford,2008,30.891,-101.186
946,Loraine,Female,Mitsubishi,2006,28.743,-95.388
947,Hannie,Female,Pontiac,1998,35.431,-105.076
948,Corey,Female,Dodge,2002,34.648,-94.094
949,Saleem,Male,Ford,1996,31.766,-101.237
950,Stavros,Male,Subaru,2002,30.01,-103.995
951,Cos,Male,Volkswagen,2009,34.665,-97.874
952,Dennet,Male,Mazda,2013,27.458,-101.748
953,Collette,Female,Ford,2011,26.318,-104.371
954,Shaine,Male,Cadillac,1998,29.644,-94.395
955,Fidela,Female,Nissan,2012,28.994,-93.931
956,Mallissa,Female,Toyota,1998,32.986,-104.114
957,Reuven,Male,MINI,2009,26.963,-94.723
958,Ada,Female,Volkswagen,2011,33.923,-93.621
959,Elysia,Female,BMW,2012,35.273,-98.302
960,Leonerd,Male,Dodge,2004,35.875,-100.351
961,Brian,Male,Mercury,1986,28.49,-104.533
962,Wernher,Male,Mitsubishi,1990,35.526,-93.58
963,Corrianne,Female,Hyundai,1996,29.01,-97.361
964,Eleen,Female,Plymouth,1994,33.711,-99.901
965,Joella,Female,Mercedes-Benz,2007,32.452,-94.057
966,Lucia,Female,Subaru,1994,35.756,-101.166
967,Charley,Male,Ford,2012,35.573,-98.978
968,Hinze,Male,Lotus,2011,30.668,-94.911
969,Dorthy,Female,BMW,1999,26.818,-101.339
970,Horace,Male,Acura,1992,28.878,-101.668
971,Glori,Female,Mercedes-Benz,2010,35.825,-102.654
972,Brendin,Male,Nissan,2013,30.129,-96.736
973,Tobe,Female,Mercedes-Benz,2006,32.47,-96.873
974,Ernesto,Male,Lexus,2005,35.588,-103.211
975,Linoel,Male,Volvo,2008,30.065,-93.808
976,Quinn,Female,Mazda,2008,34.589,-95.384
977,Ora,Female,Nissan,1994,27.127,-93.918
978,Teddy,Male,Honda,2003,29.527,-95.251
979,Shandee,Female,Buick,1991,31.858,-105.745
980,Olga,Female,Mitsubishi,1990,28.475,-96.12
981,Emmet,Male,Mercedes-Benz,1998,33.07,-93.57
982,Debor,Female,Ford,1993,27.67,-102.959
983,Fedora,Female,Volkswagen,2010,34.237,-99.975
984,Angeline,Female,Acura,2002,31.647,-104.924
985,Pavel,Male,Ford,2002,31.31,-100.912
986,Abigail,Female,Audi,2011,31.224,-95.799
987,Brinn,Female,Mazda,2008,29.206,-98.959
988,Kermie,Male,GMC,2006,27.6,-96.871
989,Carlene,Female,Ford,2010,31.866,-93.28
990,Murdock,Male,Lexus,2003,33.192,-98.907
991,Ivor,Male,Toyota,2005,33.69,-96.278
992,Barth,Male,Chevrolet,2001,31.719,-93.997
993,Jacques,Male,Pontiac,2000,34.155,-101.849
994,Avrit,Female,Fiat,2012,30.792,-101.807
995,Minnie,Female,Lexus,2002,33.766,-94.109
996,Franky,Female,Hyundai,2003,29.081,-98.202
997,Myrle,Female,Mercedes-Benz,1992,30.858,-101.529
998,Maggie,Female,Audi,1988,31.515,-100.883
999,Clare,Male,Mitsubishi,1992,35.752,-98.094
1000,Ortensia,Female,Ferrari,2007,27.1,-100.471
